exp_id,phase,qv_surf,qv_scale,tau_nudge_q,lhf,w_subs,u_geo,v_geo,cloud_frac_mean,cloud_frac_std,qc_max_mean,n_clouds_mean,qv_bl_start,qv_bl_end,qv_bl_drift,vort_cloud_mean,u_mean_end,status
exp01_qv0110,phase1_qvsurf,0.011,4000.0,3600.0,100.0,0.005,0.02019840785714286,0.012431943650332901,0.6057930714285715,7.571428571428571,10.2439,9.75939,-0.4845100000000002,MARGINAL
exp02_qv0120,phase1_qvsurf,0.012,4000.0,3600.0,100.0,0.005,0.007777779285714286,0.003077181924221679,0.22879534642857147,5.357142857142857,9.90462,9.90154,-0.0030799999999988614,MARGINAL
exp03_qv0125,phase1_qvsurf,0.0125,4000.0,3600.0,100.0,0.005,0.012881937857142856,0.004614990913606871,0.25235949999999996,3.142857142857143,9.933829999999999,10.0677,0.1338700000000017,MARGINAL
exp04_qv0130,phase1_qvsurf,0.013,4000.0,3600.0,100.0,0.005,0.020116577500000003,0.006849377048208015,0.43345825,5.714285714285714,10.078999999999999,10.2922,0.2132000000000005,MARGINAL
exp05_qv0135,phase1_qvsurf,0.0135,4000.0,3600.0,100.0,0.005,0.04348958571428572,0.018113531229456893,0.7977018928571429,10.535714285714286,10.292000000000002,10.5565,0.2644999999999982,MARGINAL
exp06_qv0140,phase1_qvsurf,0.014,4000.0,3600.0,100.0,0.005,0.06412698571428571,0.008870360907406928,1.5662780357142858,13.214285714285714,10.549,10.846400000000001,0.29740000000000144,MARGINAL
exp07_qv0150,phase1_qvsurf,0.015,4000.0,3600.0,100.0,0.005,0.09767858928571428,0.028687051106930997,2.6282092857142856,13.285714285714286,10.8553,11.2963,0.4410000000000007,MARGINAL
exp08_qv0160,phase1_qvsurf,0.016,4000.0,3600.0,100.0,0.005,0.1384647142857143,0.022134464545230853,3.956337857142858,13.535714285714286,11.2838,11.8104,0.5266000000000002,MARGINAL
exp09_qv0170,phase1_qvsurf,0.017,4000.0,3600.0,100.0,0.005,0.18159478571428572,0.027215545999033534,6.327781428571429,11.714285714285714,11.7846,12.452100000000002,0.6675000000000022,MARGINAL
exp10_qv0180,phase1_qvsurf,0.018,4000.0,3600.0,100.0,0.005,0.2444419642857143,0.03841675585552495,6.034222142857142,14.464285714285714,12.345099999999999,13.1134,0.7683000000000018,MARGINAL
exp11_tau1800,phase2_nudging,0.016,4000.0,1800.0,100.0,0.005,0.2853893571428572,0.024344086799194885,6.691488214285714,22.464285714285715,12.9087,13.1419,0.23320000000000007,MARGINAL
exp12_tau2400,phase2_nudging,0.016,4000.0,2400.0,100.0,0.005,0.28545878571428573,0.01029402581721603,6.303183928571429,24.428571428571427,13.1084,13.151,0.04260000000000019,MARGINAL
exp13_tau3600,phase2_nudging,0.016,4000.0,3600.0,100.0,0.005,0.2734845357142857,0.01448454083665494,6.629592499999999,25.928571428571427,13.1382,13.009099999999998,-0.1291000000000011,MARGINAL
exp14_tau5400,phase2_nudging,0.016,4000.0,5400.0,100.0,0.005,0.2138318214285714,0.02296112206543545,6.855023928571429,28.142857142857142,13.0727,12.889100000000001,-0.18359999999999843,MARGINAL
wind01_u5ms,wind_tests,0.016,4000.0,3600.0,100.0,0.005,5.0,0.0,0.0794,0.0161,1.719,10.0,13.7239,13.6653,-0.0586,0.0028,4.178,WEAK_CLOUDS
wind02_u2ms,wind_tests,0.016,4000.0,3600.0,100.0,0.005,2.0,0.0,0.2042,0.0295,6.053,23.0,13.7239,13.6521,-0.0718,0.0028,1.484,SUCCESS
sweep01_ws_none,param_sweep_wind,0.016,4000.0,5400.0,50.0,0.005,2.0,0.0,0.1039,0.0,5.792,17.0,13.7239,13.2711,-0.4528,0.0029,1.483,GOOD
sweep02_ws_mod,param_sweep_wind,0.016,4000.0,5400.0,50.0,0.005,2.0,0.0,0.1415,0.0,4.831,8.0,13.7239,13.2694,-0.4545,0.0049,3.679,GOOD
sweep03_ws_strong,param_sweep_wind,0.016,4000.0,5400.0,50.0,0.005,2.0,0.0,0.1415,0.0,4.831,8.0,13.7239,13.2694,-0.4545,0.0049,3.679,GOOD
sweep04_sf_weak,param_sweep_forcing,0.016,4000.0,5400.0,25.0,0.005,2.0,0.0,0.0551,0.0,2.768,8.0,13.7239,13.5068,-0.2171,0.0043,3.709,WEAK
sweep05_sf_mod,param_sweep_forcing,0.016,4000.0,5400.0,50.0,0.005,2.0,0.0,0.1415,0.0,4.831,8.0,13.7239,13.2694,-0.4545,0.0049,3.679,GOOD
sweep06_sf_strong,param_sweep_forcing,0.016,4000.0,5400.0,100.0,0.005,2.0,0.0,0.1722,0.0,3.359,14.0,13.7239,13.0960,-0.6279,0.0037,3.620,GOOD
sweep07_ent_none,param_sweep_entr,0.016,4000.0,5400.0,50.0,0.005,2.0,0.0,0.1415,0.0,4.834,8.0,13.7239,13.2694,-0.4545,0.0049,3.679,GOOD
sweep08_ent_mod,param_sweep_entr,0.016,4000.0,5400.0,50.0,0.005,2.0,0.0,0.1415,0.0,4.831,8.0,13.7239,13.2694,-0.4545,0.0049,3.679,GOOD
sweep09_ent_strong,param_sweep_entr,0.016,4000.0,5400.0,50.0,0.005,2.0,0.0,0.1415,0.0,4.831,8.0,13.7239,13.2694,-0.4545,0.0049,3.679,GOOD
